
<project name="buildips" default="init-ips" basedir=".">

	<description>
    	This script is used to build the ips packages.
    </description>

	<dirname property="buildips.basedir" file="${ant.file.buildips}"/>

	<property name="ips.toolkit" value="${basedir}/ext/ips-toolkit" />


	<!-- propeties used by this file -->
	<property name="os.type.unix" value="SunOS,Linux,Mac OS,Mac OS X,Darwin"/>
	<property name="os.type.windows" value="Windows XP"/>

	<target name="complete-ips" unless="skip.ips">
		<java dir="${ips.toolkit}" 
			  jar="${ips.toolkit}/lib/pkg-bootstrap.jar" 
		      fork="true"
     		  failonerror="true"
		      maxmemory="128m" />
        <classpath>
          <pathelement location="${ips.toolkit}/lib/pkg-bootstrap.jar"/>
          <pathelement path="${java.class.path}"/>
        </classpath>
	</target>

	<target name="-set-platform">
		<condition property="this.os.name" value="windows">
			<contains string="${os.name}" substring="windows" casesensitive="false"/>
		</condition>
		<condition property="this.os.name" value="linux">
			<contains string="${os.name}" substring="linux" casesensitive="false"/>
		</condition>
		<condition property="this.os.name" value="darwin">
			<contains string="${os.name}" substring="mac os" casesensitive="false"/>
		</condition>
		<condition property="this.os.name" value="sunos">
			<contains string="${os.name}" substring="sunos" casesensitive="false"/>
		</condition>
		<property name="this.os.name" value="${os.name}"/>
		<condition property="this.os.arch" value="universal">
			<contains string="${this.os.name}" substring="darwin" casesensitive="false"/>
		</condition>
		<condition property="this.os.arch" value="i386">
			<or>
				<contains string="${os.arch}" substring="x86" casesensitive="false"/>
				<contains string="${os.arch}" substring="i386" casesensitive="false"/>
				<contains string="${os.arch}" substring="i686" casesensitive="false"/>
			</or>
		</condition>
		<property name="this.os.arch" value="${os.arch}"/>
		<property name="this.platform" value="${this.os.name}-${this.os.arch}"/>
	</target>

	<target name="init-ips" depends="-set-platform, complete-ips">
		<property name="dist" location="${ips.toolkit}"/>
		<property name="pkg.dist.home" location="${dist}/pkg"/>
		<property name="python.dist.home" location="${dist}/pkg/python2.4-minimal"/>
		
		<condition property="python.cmd" value="${python.dist.home}/python" else="${python.dist.home}/bin/python">
			<contains string="${this.platform}" substring="windows"/>
		</condition>
		
        <condition property="os.family" value="windows" else="unix">
            <contains string="${this.platform}" substring="windows"/>
        </condition>
	</target>

	<typedef name="os" classname="Os" classpath="${buildips.basedir}" />
	
	<macrodef name="makepkgs">
		<attribute name="basedir" />
		<attribute name="version" default="-v"/>
		<attribute name="repo" />
		<attribute name="tgzfile" default="-t"/>
		<element name="os" optional="true"/>
		<element name="param" optional="true"/>
		<element name="manifest"/>
		<sequential>
			<condition property="version" value="" else="-d @{version}">
				<equals arg1="@{version}" arg2="-v" />
			</condition>
			<condition property="tgzfile" value="" else="-t @{tgzfile}">
				<equals arg1="@{tgzfile}" arg2="-t" />
			</condition>
			<exec executable="${python.cmd}" failonerror="true">
				<env key="PYTHONPATH" path=""/>
				<!-- Needed for building on MacOS. Benign on other platforms -->
			    <env key="PYTHONHOME" path="${python.dist.home}"/>
				<env key="DYLD_LIBRARY_PATH" path="${python.dist.home}"/>
				<env key="LD_LIBRARY_PATH" path="${python.dist.home}/lib"/>
				<arg value="${buildips.basedir}/makepkgs.py"/>
				<arg value="-b" />
				<arg value="@{basedir}" />
				<arg value="-s" />
				<arg value="@{repo}" />
				<arg value="${version}" />
				<arg value="${tgzfile}" />
				<os />
				<param />
				<manifest />
			</exec>
		</sequential>
	</macrodef>
		
	<macrodef name="copypkgs">
		<attribute name="src-repo-dir" />
		<attribute name="dest-repo-dir" />
		<element name="packages"/>
		<sequential>
			<exec executable="${python.cmd}" failonerror="true">
				<env key="PYTHONPATH" path=""/>
				<!-- Needed for building on MacOS. Benign on other platforms -->
			    <env key="PYTHONHOME" path="${python.dist.home}"/>
				<env key="DYLD_LIBRARY_PATH" path="${python.dist.home}"/>
				<env key="LD_LIBRARY_PATH" path="${python.dist.home}/lib"/>
				<arg value="${buildips.basedir}/copypkgs.py"/>
				<arg value="-s" />
				<arg value="@{src-repo-dir}" />
				<arg value="-d" />
				<arg value="@{dest-repo-dir}" />
				<packages />
			</exec>
		</sequential>
	</macrodef>
										
	<macrodef name="makeimage">
		<attribute name="repodir"  default="repo"/>
		<attribute name="port" default="10001"/>
		<attribute name="imagedir" default="image"/>
		<attribute name="authority" default="example.org"/>
		<attribute name="title" default="Change Me: Image Title"/>
		<attribute name="description" default="Change Me: Image Description"/>
		<element name="packages" />
		<sequential>
			<exec executable="${python.cmd}" failonerror="true">
				<env key="PYTHONPATH" path=""/>
				<!-- Needed for building on MacOS. Benign on other platforms -->
				<env key="PYTHONHOME" path="${python.dist.home}"/>
				<env key="DYLD_LIBRARY_PATH" path="${python.dist.home}"/>
				<env key="LD_LIBRARY_PATH" path="${python.dist.home}/lib"/>
				<arg value="${buildips.basedir}/makeimage.py"/>
				<arg value="-d"/>
				<arg value="@{repodir}"/>
				<arg value="-i"/>
				<arg value="@{imagedir}"/>
				<arg value="-a"/>
				<arg value="@{authority}"/>
				<arg value="-t"/>
				<arg value="@{title}"/>
				<arg value="-x"/>
				<arg value="@{description}"/>
				<packages />
			</exec>
		</sequential>
	</macrodef>
	
	<macrodef name="makezip">
		<attribute name="basedir" />
		<attribute name="destfile" />
		<attribute name="include" default="**" />
		<sequential>
			<condition property="include" value="@{include}" else="@{include}/**">
				<equals arg1="@{include}" arg2="**"/>
			</condition>
			<ant target="-makezip-${os.family}" inheritall="false" antfile="${ant.file.buildips}">
				<property name="basedir" value="@{basedir}"/>
				<property name="destfile" value="@{destfile}"/>
				<property name="include" value="${include}"/>	
			</ant>
		</sequential>
	</macrodef>
	   <!-- The following two targets are utility targets for making zip files, since
	         the <zip> task in ant doesn't preserve file permissions or symbolic links.

	         The "-" in the starting of the name makes this target private , so it is not
	         possible to call this target from command-line.
	         
	         To use these targets, use the macrodef makezip 
	         <makezip destfile="destfile" basedir="basedir" include="directory" />            
	    -->
	    <target name="-makezip-windows" >
	        <zip destfile="${destfile}" >
	        	<fileset dir="${basedir}">
	        		<include name="${include}"/>
	        	</fileset>
	    	</zip>
	    </target>

		
	    <target name="-makezip-unix" >
	        <delete file="${destfile}"/>
	        <echo>Creating: ${destfile}</echo>
	        <exec executable="zip" dir="${basedir}" os="${os.type.unix}">
	            <arg value="-qyr"/>
	            <arg value="${destfile}"/>
	            <arg value="${include}"/>
	        </exec>
	    </target>

	<target name="clean" description="clean the project">
		<delete includeemptydirs="true" quiet="true">
			<fileset dir="${src.dir}" />
			<fileset dir="${build.dir}" />
		</delete>
	</target>
	
<!--
The following 2 macrodef's will be used in future. It will replace the makepkgs 
macrodef , which will make the tools more aligned towards IPS and also will 
remove the use of *_proto.py files. 
 
	<macrodef name="makemanifest">
		<attribute name="mode" default="0755" />
		<attribute name="owner" default="nobody" />
		<attribute name="group" default="bin" />
		<attribute name="manifestfile" default="stdout" />
		<attribute name="basedir"/>
		<element name="includedir"/>
		<sequential>
			<typedef name="replace" 
			    classname="Replace"
			    classpath="${buildips.basedir}" />
			<replace message="${includedir}" />
			<exec executable="${python.cmd}" failonerror="true">
				<env key="PYTHONPATH" path=""/>
				<env key="PYTHONHOME" path="${python.dist.home}"/>
				<env key="DYLD_LIBRARY_PATH" path="${python.dist.home}"/>
				<env key="LD_LIBRARY_PATH" path="${python.dist.home}/lib"/>
				<arg value="${buildips.basedir}/makemanifest.py"/>
				<arg value="-m"/>
				<arg value="@{mode}"/>
				<arg value="-o"/>
				<arg value="@{owner}"/>
				<arg value="-g"/>
				<arg value="@{group}"/>
				<arg value="-f"/>
				<arg value="@{manifestfile}"/>
				<arg value="-d"/>
				<arg value="@{basedir}"/>
				<includedir />
			</exec>
		</sequential>
	</macrodef>

	<macrodef name="publishpkg">
		<attribute name="fmri" />
		<attribute name="repourl" />
		<attribute name="basedir" />
		<element name="manifest" />
		<sequential>
			<exec executable="${python.cmd}" failonerror="true">
				<env key="PYTHONPATH" path=""/>
				<env key="PYTHONHOME" path="${python.dist.home}"/>
				<env key="DYLD_LIBRARY_PATH" path="${python.dist.home}"/>
				<env key="LD_LIBRARY_PATH" path="${python.dist.home}/lib"/>
				<arg value="publishpkg.py"/>
				<arg value="-p"/>
				<arg value="@{fmri}"/>
				<arg value="-s"/>
				<arg value="@{repourl}"/>
				<arg value="-b"/>
				<arg value="@{basedir}"/>
				<manifest />
			</exec>
		</sequential>
	</macrodef>
-->	
	
</project>
